<?xml version="1.0" encoding="UTF-8"?>
<!-- IMPORTANT: This is an internal file that has been generated
     by the Xilinx ISE software.  Any direct editing or
     changes made to this file may result in unpredictable
     behavior or data corruption.  It is strongly advised that
     users do not edit the contents of this file. -->
<DeviceUsageSummary rev="4">
<DesignStatistics TimeStamp="Wed Oct 12 23:09:38 2022"><group name="NetStatistics">
<item name="NumNets_Active" rev="4">
<attrib name="value" value="792"/></item>
<item name="NumNets_Gnd" rev="4">
<attrib name="value" value="1"/></item>
<item name="NumNets_Vcc" rev="4">
<attrib name="value" value="1"/></item>
<item name="NumNodesOfType_Active_BRAMADDR" rev="4">
<attrib name="value" value="28"/></item>
<item name="NumNodesOfType_Active_BRAMDUMMY" rev="4">
<attrib name="value" value="4"/></item>
<item name="NumNodesOfType_Active_CLKPIN" rev="4">
<attrib name="value" value="130"/></item>
<item name="NumNodesOfType_Active_CNTRLPIN" rev="4">
<attrib name="value" value="229"/></item>
<item name="NumNodesOfType_Active_DOUBLE" rev="4">
<attrib name="value" value="1657"/></item>
<item name="NumNodesOfType_Active_DUMMY" rev="4">
<attrib name="value" value="2044"/></item>
<item name="NumNodesOfType_Active_DUMMYBANK" rev="4">
<attrib name="value" value="26"/></item>
<item name="NumNodesOfType_Active_DUMMYESC" rev="4">
<attrib name="value" value="6"/></item>
<item name="NumNodesOfType_Active_GLOBAL" rev="4">
<attrib name="value" value="56"/></item>
<item name="NumNodesOfType_Active_HFULLHEX" rev="4">
<attrib name="value" value="6"/></item>
<item name="NumNodesOfType_Active_HUNIHEX" rev="4">
<attrib name="value" value="44"/></item>
<item name="NumNodesOfType_Active_INPUT" rev="4">
<attrib name="value" value="2284"/></item>
<item name="NumNodesOfType_Active_IOBOUTPUT" rev="4">
<attrib name="value" value="6"/></item>
<item name="NumNodesOfType_Active_OMUX" rev="4">
<attrib name="value" value="781"/></item>
<item name="NumNodesOfType_Active_OUTPUT" rev="4">
<attrib name="value" value="775"/></item>
<item name="NumNodesOfType_Active_PREBXBY" rev="4">
<attrib name="value" value="504"/></item>
<item name="NumNodesOfType_Active_VFULLHEX" rev="4">
<attrib name="value" value="37"/></item>
<item name="NumNodesOfType_Active_VLONG" rev="4">
<attrib name="value" value="2"/></item>
<item name="NumNodesOfType_Active_VUNIHEX" rev="4">
<attrib name="value" value="81"/></item>
<item name="NumNodesOfType_Gnd_BRAMADDR" rev="4">
<attrib name="value" value="28"/></item>
<item name="NumNodesOfType_Gnd_BRAMDUMMY" rev="4">
<attrib name="value" value="12"/></item>
<item name="NumNodesOfType_Gnd_CLKPIN" rev="4">
<attrib name="value" value="2"/></item>
<item name="NumNodesOfType_Gnd_DOUBLE" rev="4">
<attrib name="value" value="12"/></item>
<item name="NumNodesOfType_Gnd_DUMMYBANK" rev="4">
<attrib name="value" value="10"/></item>
<item name="NumNodesOfType_Gnd_INPUT" rev="4">
<attrib name="value" value="53"/></item>
<item name="NumNodesOfType_Gnd_OMUX" rev="4">
<attrib name="value" value="26"/></item>
<item name="NumNodesOfType_Gnd_OUTPUT" rev="4">
<attrib name="value" value="15"/></item>
<item name="NumNodesOfType_Gnd_PREBXBY" rev="4">
<attrib name="value" value="14"/></item>
<item name="NumNodesOfType_Gnd_VFULLHEX" rev="4">
<attrib name="value" value="1"/></item>
</group>
<group name="SiteStatistics">
<item name="IBUF-DIFFM" rev="4">
<attrib name="value" value="2"/></item>
<item name="IBUF-DIFFMI" rev="4">
<attrib name="value" value="1"/></item>
<item name="IBUF-DIFFSI" rev="4">
<attrib name="value" value="1"/></item>
<item name="IOB-DIFFM" rev="4">
<attrib name="value" value="7"/></item>
<item name="IOB-DIFFS" rev="4">
<attrib name="value" value="4"/></item>
<item name="SLICEL-SLICEM" rev="4">
<attrib name="value" value="144"/></item>
</group>
<group name="MiscellaneousStatistics">
<item name="AGG_BONDED_IO" rev="3">
<attrib name="value" value="18"/></item>
<item name="AGG_IO" rev="3">
<attrib name="value" value="18"/></item>
<item name="AGG_SLICE" rev="3">
<attrib name="value" value="408"/></item>
<item name="NUM_4_INPUT_LUT" rev="3">
<attrib name="value" value="758"/></item>
<item name="NUM_BONDED_IBUF" rev="3">
<attrib name="value" value="6"/></item>
<item name="NUM_BONDED_IOB" rev="3">
<attrib name="value" value="12"/></item>
<item name="NUM_BUFGMUX" rev="3">
<attrib name="value" value="2"/></item>
<item name="NUM_CYMUX" rev="3">
<attrib name="value" value="364"/></item>
<item name="NUM_LUT_RT" rev="3">
<attrib name="value" value="124"/></item>
<item name="NUM_MULTAND" rev="3">
<attrib name="value" value="14"/></item>
<item name="NUM_RAMB16" rev="3">
<attrib name="value" value="2"/></item>
<item name="NUM_SLICEL" rev="3">
<attrib name="value" value="408"/></item>
<item name="NUM_SLICE_FF" rev="3">
<attrib name="value" value="227"/></item>
<item name="NUM_XOR" rev="3">
<attrib name="value" value="201"/></item>
<item name="Xilinx Core blk_mem_gen_v7_3, Xilinx CORE Generator 14.7" rev="3">
<attrib name="value" value="1"/></item>
</group>
</DesignStatistics>
<DeviceUsage TimeStamp="Wed Oct 12 23:09:38 2022"><group name="SiteSummary">
<item name="BUFGMUX" rev="4">
<attrib name="total" value="1000000"/><attrib name="used" value="2"/></item>
<item name="BUFGMUX_GCLKMUX" rev="4">
<attrib name="total" value="1000000"/><attrib name="used" value="2"/></item>
<item name="BUFGMUX_GCLK_BUFFER" rev="4">
<attrib name="total" value="1000000"/><attrib name="used" value="2"/></item>
<item name="IBUF" rev="4">
<attrib name="total" value="1000000"/><attrib name="used" value="6"/></item>
<item name="IBUF_INBUF" rev="4">
<attrib name="total" value="1000000"/><attrib name="used" value="6"/></item>
<item name="IBUF_PAD" rev="4">
<attrib name="total" value="1000000"/><attrib name="used" value="6"/></item>
<item name="IOB" rev="4">
<attrib name="total" value="1000000"/><attrib name="used" value="12"/></item>
<item name="IOB_OUTBUF" rev="4">
<attrib name="total" value="1000000"/><attrib name="used" value="12"/></item>
<item name="IOB_PAD" rev="4">
<attrib name="total" value="1000000"/><attrib name="used" value="12"/></item>
<item name="RAMB16" rev="4">
<attrib name="total" value="1000000"/><attrib name="used" value="2"/></item>
<item name="RAMB16_RAMB16" rev="4">
<attrib name="total" value="1000000"/><attrib name="used" value="2"/></item>
<item name="RAMB16_RAMB16A" rev="4">
<attrib name="total" value="1000000"/><attrib name="used" value="2"/></item>
<item name="RAMB16_RAMB16B" rev="4">
<attrib name="total" value="1000000"/><attrib name="used" value="2"/></item>
<item name="SLICEL" rev="4">
<attrib name="total" value="1000000"/><attrib name="used" value="408"/></item>
<item name="SLICEL_C1VDD" rev="4">
<attrib name="total" value="1000000"/><attrib name="used" value="13"/></item>
<item name="SLICEL_C2VDD" rev="4">
<attrib name="total" value="1000000"/><attrib name="used" value="6"/></item>
<item name="SLICEL_CYMUXF" rev="4">
<attrib name="total" value="1000000"/><attrib name="used" value="190"/></item>
<item name="SLICEL_CYMUXG" rev="4">
<attrib name="total" value="1000000"/><attrib name="used" value="174"/></item>
<item name="SLICEL_F" rev="4">
<attrib name="total" value="1000000"/><attrib name="used" value="394"/></item>
<item name="SLICEL_F5MUX" rev="4">
<attrib name="total" value="1000000"/><attrib name="used" value="18"/></item>
<item name="SLICEL_FAND" rev="4">
<attrib name="total" value="1000000"/><attrib name="used" value="7"/></item>
<item name="SLICEL_FFX" rev="4">
<attrib name="total" value="1000000"/><attrib name="used" value="108"/></item>
<item name="SLICEL_FFY" rev="4">
<attrib name="total" value="1000000"/><attrib name="used" value="119"/></item>
<item name="SLICEL_G" rev="4">
<attrib name="total" value="1000000"/><attrib name="used" value="364"/></item>
<item name="SLICEL_GAND" rev="4">
<attrib name="total" value="1000000"/><attrib name="used" value="7"/></item>
<item name="SLICEL_GNDF" rev="4">
<attrib name="total" value="1000000"/><attrib name="used" value="66"/></item>
<item name="SLICEL_GNDG" rev="4">
<attrib name="total" value="1000000"/><attrib name="used" value="70"/></item>
<item name="SLICEL_XORF" rev="4">
<attrib name="total" value="1000000"/><attrib name="used" value="106"/></item>
<item name="SLICEL_XORG" rev="4">
<attrib name="total" value="1000000"/><attrib name="used" value="95"/></item>
</group>
</DeviceUsage>
<ReportConfigData TimeStamp="Wed Oct 12 23:09:38 2022"><group name="SLICEL_CYMUXF">
<item name="0" rev="4">
<attrib name="0" value="190"/><attrib name="0_INV" value="0"/></item>
<item name="1" rev="4">
<attrib name="1_INV" value="0"/><attrib name="1" value="190"/></item>
</group>
<group name="SLICEL_CYMUXG">
<item name="0" rev="4">
<attrib name="0" value="174"/><attrib name="0_INV" value="0"/></item>
</group>
<group name="IBUF_PAD">
<item name="IOATTRBOX" rev="4">
<attrib name="LVCMOS25" value="6"/></item>
</group>
<group name="SLICEL">
<item name="BX" rev="4">
<attrib name="BX_INV" value="2"/><attrib name="BX" value="54"/></item>
<item name="BY" rev="4">
<attrib name="BY" value="10"/><attrib name="BY_INV" value="1"/></item>
<item name="CE" rev="4">
<attrib name="CE" value="93"/><attrib name="CE_INV" value="21"/></item>
<item name="CIN" rev="4">
<attrib name="CIN_INV" value="0"/><attrib name="CIN" value="165"/></item>
<item name="CLK" rev="4">
<attrib name="CLK" value="128"/><attrib name="CLK_INV" value="0"/></item>
<item name="SR" rev="4">
<attrib name="SR" value="115"/><attrib name="SR_INV" value="0"/></item>
</group>
<group name="RAMB16">
<item name="CLKA" rev="4">
<attrib name="CLKA_INV" value="0"/><attrib name="CLKA" value="2"/></item>
<item name="CLKB" rev="4">
<attrib name="CLKB_INV" value="0"/><attrib name="CLKB" value="2"/></item>
<item name="ENA" rev="4">
<attrib name="ENA_INV" value="1"/><attrib name="ENA" value="1"/></item>
<item name="ENB" rev="4">
<attrib name="ENB_INV" value="0"/><attrib name="ENB" value="2"/></item>
<item name="SSRA" rev="4">
<attrib name="SSRA_INV" value="0"/><attrib name="SSRA" value="2"/></item>
<item name="SSRB" rev="4">
<attrib name="SSRB_INV" value="0"/><attrib name="SSRB" value="2"/></item>
<item name="WEA" rev="4">
<attrib name="WEA" value="2"/><attrib name="WEA_INV" value="0"/></item>
<item name="WEB" rev="4">
<attrib name="WEB" value="2"/><attrib name="WEB_INV" value="0"/></item>
</group>
<group name="IOB_OUTBUF">
<item name="IN" rev="4">
<attrib name="IN_INV" value="0"/><attrib name="IN" value="12"/></item>
</group>
<group name="RAMB16_RAMB16A">
<item name="CLKA" rev="4">
<attrib name="CLKA_INV" value="0"/><attrib name="CLKA" value="2"/></item>
<item name="ENA" rev="4">
<attrib name="ENA_INV" value="1"/><attrib name="ENA" value="1"/></item>
<item name="PORTA_ATTR" rev="4">
<attrib name="16384X1" value="2"/></item>
<item name="SSRA" rev="4">
<attrib name="SSRA_INV" value="0"/><attrib name="SSRA" value="2"/></item>
<item name="WEA" rev="4">
<attrib name="WEA" value="2"/><attrib name="WEA_INV" value="0"/></item>
<item name="WRITEMODEA" rev="4">
<attrib name="READ_FIRST" value="2"/></item>
</group>
<group name="RAMB16_RAMB16B">
<item name="CLKB" rev="4">
<attrib name="CLKB_INV" value="0"/><attrib name="CLKB" value="2"/></item>
<item name="ENB" rev="4">
<attrib name="ENB_INV" value="0"/><attrib name="ENB" value="2"/></item>
<item name="PORTB_ATTR" rev="4">
<attrib name="16384X1" value="2"/></item>
<item name="SSRB" rev="4">
<attrib name="SSRB_INV" value="0"/><attrib name="SSRB" value="2"/></item>
<item name="WEB" rev="4">
<attrib name="WEB" value="2"/><attrib name="WEB_INV" value="0"/></item>
<item name="WRITEMODEB" rev="4">
<attrib name="WRITE_FIRST" value="2"/></item>
</group>
<group name="SLICEL_FFX">
<item name="CE" rev="4">
<attrib name="CE" value="78"/><attrib name="CE_INV" value="20"/></item>
<item name="CK" rev="4">
<attrib name="CK" value="108"/><attrib name="CK_INV" value="0"/></item>
<item name="D" rev="4">
<attrib name="D" value="106"/><attrib name="D_INV" value="2"/></item>
<item name="FFX_INIT_ATTR" rev="4">
<attrib name="INIT0" value="88"/><attrib name="INIT1" value="20"/></item>
<item name="FFX_SR_ATTR" rev="4">
<attrib name="SRLOW" value="88"/><attrib name="SRHIGH" value="20"/></item>
<item name="LATCH_OR_FF" rev="4">
<attrib name="FF" value="108"/></item>
<item name="SR" rev="4">
<attrib name="SR" value="100"/><attrib name="SR_INV" value="0"/></item>
<item name="SYNC_ATTR" rev="4">
<attrib name="ASYNC" value="8"/><attrib name="SYNC" value="100"/></item>
</group>
<group name="SLICEL_XORF">
<item name="1" rev="4">
<attrib name="1_INV" value="0"/><attrib name="1" value="106"/></item>
</group>
<group name="SLICEL_FFY">
<item name="CE" rev="4">
<attrib name="CE" value="87"/><attrib name="CE_INV" value="19"/></item>
<item name="CK" rev="4">
<attrib name="CK" value="119"/><attrib name="CK_INV" value="0"/></item>
<item name="D" rev="4">
<attrib name="D" value="118"/><attrib name="D_INV" value="1"/></item>
<item name="FFY_INIT_ATTR" rev="4">
<attrib name="INIT0" value="99"/><attrib name="INIT1" value="20"/></item>
<item name="FFY_SR_ATTR" rev="4">
<attrib name="SRLOW" value="99"/><attrib name="SRHIGH" value="20"/></item>
<item name="LATCH_OR_FF" rev="4">
<attrib name="FF" value="119"/></item>
<item name="SR" rev="4">
<attrib name="SR" value="107"/><attrib name="SR_INV" value="0"/></item>
<item name="SYNC_ATTR" rev="4">
<attrib name="ASYNC" value="12"/><attrib name="SYNC" value="107"/></item>
</group>
<group name="BUFGMUX_GCLKMUX">
<item name="DISABLE_ATTR" rev="4">
<attrib name="LOW" value="2"/></item>
<item name="S" rev="4">
<attrib name="S_INV" value="2"/><attrib name="S" value="0"/></item>
</group>
<group name="SLICEL_F5MUX">
<item name="S0" rev="4">
<attrib name="S0" value="18"/><attrib name="S0_INV" value="0"/></item>
</group>
<group name="IOB_PAD">
<item name="DRIVEATTRBOX" rev="4">
<attrib name="2" value="10"/><attrib name="12" value="2"/></item>
<item name="IOATTRBOX" rev="4">
<attrib name="LVCMOS25" value="12"/></item>
<item name="SLEW" rev="4">
<attrib name="SLOW" value="12"/></item>
</group>
<group name="IOB">
<item name="O1" rev="4">
<attrib name="O1_INV" value="0"/><attrib name="O1" value="12"/></item>
</group>
<group name="BUFGMUX">
<item name="S" rev="4">
<attrib name="S_INV" value="2"/><attrib name="S" value="0"/></item>
</group>
</ReportConfigData>
<ReportPinData TimeStamp="Wed Oct 12 23:09:38 2022"><group name="SLICEL_CYMUXF">
<item name="0" rev="4">
<attrib name="value" value="190"/></item>
<item name="1" rev="4">
<attrib name="value" value="190"/></item>
<item name="OUT" rev="4">
<attrib name="value" value="190"/></item>
<item name="S0" rev="4">
<attrib name="value" value="190"/></item>
</group>
<group name="SLICEL_CYMUXG">
<item name="0" rev="4">
<attrib name="value" value="174"/></item>
<item name="1" rev="4">
<attrib name="value" value="174"/></item>
<item name="OUT" rev="4">
<attrib name="value" value="174"/></item>
<item name="S0" rev="4">
<attrib name="value" value="174"/></item>
</group>
<group name="IBUF_PAD">
<item name="PAD" rev="4">
<attrib name="value" value="6"/></item>
</group>
<group name="IBUF_INBUF">
<item name="IN" rev="4">
<attrib name="value" value="6"/></item>
<item name="OUT" rev="4">
<attrib name="value" value="6"/></item>
</group>
<group name="BUFGMUX_GCLK_BUFFER">
<item name="IN" rev="4">
<attrib name="value" value="2"/></item>
<item name="OUT" rev="4">
<attrib name="value" value="2"/></item>
</group>
<group name="SLICEL">
<item name="BX" rev="4">
<attrib name="value" value="56"/></item>
<item name="BY" rev="4">
<attrib name="value" value="11"/></item>
<item name="CE" rev="4">
<attrib name="value" value="114"/></item>
<item name="CIN" rev="4">
<attrib name="value" value="165"/></item>
<item name="CLK" rev="4">
<attrib name="value" value="128"/></item>
<item name="COUT" rev="4">
<attrib name="value" value="174"/></item>
<item name="F1" rev="4">
<attrib name="value" value="390"/></item>
<item name="F2" rev="4">
<attrib name="value" value="318"/></item>
<item name="F3" rev="4">
<attrib name="value" value="206"/></item>
<item name="F4" rev="4">
<attrib name="value" value="147"/></item>
<item name="G1" rev="4">
<attrib name="value" value="363"/></item>
<item name="G2" rev="4">
<attrib name="value" value="290"/></item>
<item name="G3" rev="4">
<attrib name="value" value="187"/></item>
<item name="G4" rev="4">
<attrib name="value" value="140"/></item>
<item name="SR" rev="4">
<attrib name="value" value="115"/></item>
<item name="X" rev="4">
<attrib name="value" value="194"/></item>
<item name="XB" rev="4">
<attrib name="value" value="11"/></item>
<item name="XQ" rev="4">
<attrib name="value" value="108"/></item>
<item name="Y" rev="4">
<attrib name="value" value="158"/></item>
<item name="YQ" rev="4">
<attrib name="value" value="119"/></item>
</group>
<group name="RAMB16">
<item name="ADDRA0" rev="4">
<attrib name="value" value="2"/></item>
<item name="ADDRA1" rev="4">
<attrib name="value" value="2"/></item>
<item name="ADDRA10" rev="4">
<attrib name="value" value="2"/></item>
<item name="ADDRA11" rev="4">
<attrib name="value" value="2"/></item>
<item name="ADDRA12" rev="4">
<attrib name="value" value="2"/></item>
<item name="ADDRA13" rev="4">
<attrib name="value" value="2"/></item>
<item name="ADDRA2" rev="4">
<attrib name="value" value="2"/></item>
<item name="ADDRA3" rev="4">
<attrib name="value" value="2"/></item>
<item name="ADDRA4" rev="4">
<attrib name="value" value="2"/></item>
<item name="ADDRA5" rev="4">
<attrib name="value" value="2"/></item>
<item name="ADDRA6" rev="4">
<attrib name="value" value="2"/></item>
<item name="ADDRA7" rev="4">
<attrib name="value" value="2"/></item>
<item name="ADDRA8" rev="4">
<attrib name="value" value="2"/></item>
<item name="ADDRA9" rev="4">
<attrib name="value" value="2"/></item>
<item name="ADDRB0" rev="4">
<attrib name="value" value="2"/></item>
<item name="ADDRB1" rev="4">
<attrib name="value" value="2"/></item>
<item name="ADDRB10" rev="4">
<attrib name="value" value="2"/></item>
<item name="ADDRB11" rev="4">
<attrib name="value" value="2"/></item>
<item name="ADDRB12" rev="4">
<attrib name="value" value="2"/></item>
<item name="ADDRB13" rev="4">
<attrib name="value" value="2"/></item>
<item name="ADDRB2" rev="4">
<attrib name="value" value="2"/></item>
<item name="ADDRB3" rev="4">
<attrib name="value" value="2"/></item>
<item name="ADDRB4" rev="4">
<attrib name="value" value="2"/></item>
<item name="ADDRB5" rev="4">
<attrib name="value" value="2"/></item>
<item name="ADDRB6" rev="4">
<attrib name="value" value="2"/></item>
<item name="ADDRB7" rev="4">
<attrib name="value" value="2"/></item>
<item name="ADDRB8" rev="4">
<attrib name="value" value="2"/></item>
<item name="ADDRB9" rev="4">
<attrib name="value" value="2"/></item>
<item name="CLKA" rev="4">
<attrib name="value" value="2"/></item>
<item name="CLKB" rev="4">
<attrib name="value" value="2"/></item>
<item name="DIB0" rev="4">
<attrib name="value" value="2"/></item>
<item name="DOA0" rev="4">
<attrib name="value" value="2"/></item>
<item name="ENA" rev="4">
<attrib name="value" value="2"/></item>
<item name="ENB" rev="4">
<attrib name="value" value="2"/></item>
<item name="SSRA" rev="4">
<attrib name="value" value="2"/></item>
<item name="SSRB" rev="4">
<attrib name="value" value="2"/></item>
<item name="WEA" rev="4">
<attrib name="value" value="2"/></item>
<item name="WEB" rev="4">
<attrib name="value" value="2"/></item>
</group>
<group name="IOB_OUTBUF">
<item name="IN" rev="4">
<attrib name="value" value="12"/></item>
<item name="OUT" rev="4">
<attrib name="value" value="12"/></item>
</group>
<group name="RAMB16_RAMB16A">
<item name="ADDRA" rev="4">
<attrib name="value" value="2"/></item>
<item name="ADDRA0" rev="4">
<attrib name="value" value="2"/></item>
<item name="ADDRA1" rev="4">
<attrib name="value" value="2"/></item>
<item name="ADDRA10" rev="4">
<attrib name="value" value="2"/></item>
<item name="ADDRA11" rev="4">
<attrib name="value" value="2"/></item>
<item name="ADDRA12" rev="4">
<attrib name="value" value="2"/></item>
<item name="ADDRA13" rev="4">
<attrib name="value" value="2"/></item>
<item name="ADDRA2" rev="4">
<attrib name="value" value="2"/></item>
<item name="ADDRA3" rev="4">
<attrib name="value" value="2"/></item>
<item name="ADDRA4" rev="4">
<attrib name="value" value="2"/></item>
<item name="ADDRA5" rev="4">
<attrib name="value" value="2"/></item>
<item name="ADDRA6" rev="4">
<attrib name="value" value="2"/></item>
<item name="ADDRA7" rev="4">
<attrib name="value" value="2"/></item>
<item name="ADDRA8" rev="4">
<attrib name="value" value="2"/></item>
<item name="ADDRA9" rev="4">
<attrib name="value" value="2"/></item>
<item name="CLKA" rev="4">
<attrib name="value" value="2"/></item>
<item name="DIA" rev="4">
<attrib name="value" value="2"/></item>
<item name="DOA" rev="4">
<attrib name="value" value="2"/></item>
<item name="DOA0" rev="4">
<attrib name="value" value="2"/></item>
<item name="ENA" rev="4">
<attrib name="value" value="2"/></item>
<item name="SSRA" rev="4">
<attrib name="value" value="2"/></item>
<item name="WEA" rev="4">
<attrib name="value" value="2"/></item>
</group>
<group name="RAMB16_RAMB16B">
<item name="ADDRB" rev="4">
<attrib name="value" value="2"/></item>
<item name="ADDRB0" rev="4">
<attrib name="value" value="2"/></item>
<item name="ADDRB1" rev="4">
<attrib name="value" value="2"/></item>
<item name="ADDRB10" rev="4">
<attrib name="value" value="2"/></item>
<item name="ADDRB11" rev="4">
<attrib name="value" value="2"/></item>
<item name="ADDRB12" rev="4">
<attrib name="value" value="2"/></item>
<item name="ADDRB13" rev="4">
<attrib name="value" value="2"/></item>
<item name="ADDRB2" rev="4">
<attrib name="value" value="2"/></item>
<item name="ADDRB3" rev="4">
<attrib name="value" value="2"/></item>
<item name="ADDRB4" rev="4">
<attrib name="value" value="2"/></item>
<item name="ADDRB5" rev="4">
<attrib name="value" value="2"/></item>
<item name="ADDRB6" rev="4">
<attrib name="value" value="2"/></item>
<item name="ADDRB7" rev="4">
<attrib name="value" value="2"/></item>
<item name="ADDRB8" rev="4">
<attrib name="value" value="2"/></item>
<item name="ADDRB9" rev="4">
<attrib name="value" value="2"/></item>
<item name="CLKB" rev="4">
<attrib name="value" value="2"/></item>
<item name="DIB" rev="4">
<attrib name="value" value="2"/></item>
<item name="DIB0" rev="4">
<attrib name="value" value="2"/></item>
<item name="DOB" rev="4">
<attrib name="value" value="2"/></item>
<item name="ENB" rev="4">
<attrib name="value" value="2"/></item>
<item name="SSRB" rev="4">
<attrib name="value" value="2"/></item>
<item name="WEB" rev="4">
<attrib name="value" value="2"/></item>
</group>
<group name="IBUF">
<item name="I" rev="4">
<attrib name="value" value="6"/></item>
<item name="PAD" rev="4">
<attrib name="value" value="6"/></item>
</group>
<group name="SLICEL_C2VDD">
<item name="1" rev="4">
<attrib name="value" value="6"/></item>
</group>
<group name="SLICEL_XORF">
<item name="0" rev="4">
<attrib name="value" value="106"/></item>
<item name="1" rev="4">
<attrib name="value" value="106"/></item>
<item name="O" rev="4">
<attrib name="value" value="106"/></item>
</group>
<group name="SLICEL_FFX">
<item name="CE" rev="4">
<attrib name="value" value="98"/></item>
<item name="CK" rev="4">
<attrib name="value" value="108"/></item>
<item name="D" rev="4">
<attrib name="value" value="108"/></item>
<item name="Q" rev="4">
<attrib name="value" value="108"/></item>
<item name="SR" rev="4">
<attrib name="value" value="100"/></item>
</group>
<group name="SLICEL_FFY">
<item name="CE" rev="4">
<attrib name="value" value="106"/></item>
<item name="CK" rev="4">
<attrib name="value" value="119"/></item>
<item name="D" rev="4">
<attrib name="value" value="119"/></item>
<item name="Q" rev="4">
<attrib name="value" value="119"/></item>
<item name="SR" rev="4">
<attrib name="value" value="107"/></item>
</group>
<group name="SLICEL_XORG">
<item name="0" rev="4">
<attrib name="value" value="95"/></item>
<item name="1" rev="4">
<attrib name="value" value="95"/></item>
<item name="O" rev="4">
<attrib name="value" value="95"/></item>
</group>
<group name="BUFGMUX_GCLKMUX">
<item name="I0" rev="4">
<attrib name="value" value="2"/></item>
<item name="OUT" rev="4">
<attrib name="value" value="2"/></item>
<item name="S" rev="4">
<attrib name="value" value="2"/></item>
</group>
<group name="SLICEL_F5MUX">
<item name="F" rev="4">
<attrib name="value" value="18"/></item>
<item name="G" rev="4">
<attrib name="value" value="18"/></item>
<item name="OUT" rev="4">
<attrib name="value" value="18"/></item>
<item name="S0" rev="4">
<attrib name="value" value="18"/></item>
</group>
<group name="SLICEL_GAND">
<item name="0" rev="4">
<attrib name="value" value="7"/></item>
<item name="1" rev="4">
<attrib name="value" value="7"/></item>
<item name="O" rev="4">
<attrib name="value" value="7"/></item>
</group>
<group name="IOB_PAD">
<item name="PAD" rev="4">
<attrib name="value" value="12"/></item>
</group>
<group name="IOB">
<item name="O1" rev="4">
<attrib name="value" value="12"/></item>
<item name="PAD" rev="4">
<attrib name="value" value="12"/></item>
</group>
<group name="SLICEL_C1VDD">
<item name="1" rev="4">
<attrib name="value" value="13"/></item>
</group>
<group name="BUFGMUX">
<item name="I0" rev="4">
<attrib name="value" value="2"/></item>
<item name="O" rev="4">
<attrib name="value" value="2"/></item>
<item name="S" rev="4">
<attrib name="value" value="2"/></item>
</group>
<group name="SLICEL_FAND">
<item name="0" rev="4">
<attrib name="value" value="7"/></item>
<item name="1" rev="4">
<attrib name="value" value="7"/></item>
<item name="O" rev="4">
<attrib name="value" value="7"/></item>
</group>
<group name="SLICEL_F">
<item name="A1" rev="4">
<attrib name="value" value="390"/></item>
<item name="A2" rev="4">
<attrib name="value" value="318"/></item>
<item name="A3" rev="4">
<attrib name="value" value="206"/></item>
<item name="A4" rev="4">
<attrib name="value" value="147"/></item>
<item name="D" rev="4">
<attrib name="value" value="394"/></item>
</group>
<group name="SLICEL_G">
<item name="A1" rev="4">
<attrib name="value" value="363"/></item>
<item name="A2" rev="4">
<attrib name="value" value="290"/></item>
<item name="A3" rev="4">
<attrib name="value" value="187"/></item>
<item name="A4" rev="4">
<attrib name="value" value="140"/></item>
<item name="D" rev="4">
<attrib name="value" value="364"/></item>
</group>
<group name="RAMB16_RAMB16">
<item name="ADDRA" rev="4">
<attrib name="value" value="2"/></item>
<item name="ADDRB" rev="4">
<attrib name="value" value="2"/></item>
<item name="DIA" rev="4">
<attrib name="value" value="2"/></item>
<item name="DIB" rev="4">
<attrib name="value" value="2"/></item>
<item name="DOA" rev="4">
<attrib name="value" value="2"/></item>
<item name="DOB" rev="4">
<attrib name="value" value="2"/></item>
</group>
<group name="SLICEL_GNDF">
<item name="0" rev="4">
<attrib name="value" value="66"/></item>
</group>
<group name="SLICEL_GNDG">
<item name="0" rev="4">
<attrib name="value" value="70"/></item>
</group>
</ReportPinData>
<CmdHistory>
</CmdHistory>
</DeviceUsageSummary>
